<?xml version="1.0" encoding="UTF-8"?>
<project-private xmlns="http://www.netbeans.org/ns/project-private/1">
    <editor-bookmarks xmlns="http://www.netbeans.org/ns/editor-bookmarks/2" lastBookmarkId="0"/>
    <open-files xmlns="http://www.netbeans.org/ns/projectui-open-files/2">
        <group>
            <file>file:/Volumes/General%20Dat/Windows%20Data/Data/Web%20%20Applicationn/HTML5Application/public_html/manga_info.json</file>
            <file>file:/Volumes/General%20Dat/Windows%20Data/Data/Web%20%20Applicationn/HTML5Application/public_html/allmanga.html</file>
            <file>file:/Volumes/General%20Dat/Windows%20Data/Data/Web%20%20Applicationn/HTML5Application/public_html/manga-reader.css</file>
            <file>file:/Volumes/General%20Dat/Windows%20Data/Data/Web%20%20Applicationn/HTML5Application/public_html/Scroll_Content_Chapter.html</file>
            <file>file:/Volumes/General%20Dat/Windows%20Data/Data/Web%20%20Applicationn/HTML5Application/public_html/chapter.html</file>
            <file>file:/Volumes/General%20Dat/Windows%20Data/Data/Web%20%20Applicationn/HTML5Application/public_html/manga_info.html</file>
            <file>file:/Volumes/General%20Dat/Windows%20Data/Data/Web%20%20Applicationn/HTML5Application/public_html/Scroll_Chapters.html</file>
        </group>
    </open-files>
</project-private>
